,2.0,3.0,3.5,4.0,4.5,5.0,srednia ocen,srednia koncowa,zaliczenie uzyskalo,zaliczenia nie uzyskalo
wyklady,78.0,65.0,69.0,78.0,63.0,69.0,3.459839357429719,3.137550200803213,311.0,187.0
laboratoria,129.0,75.0,87.0,72.0,68.0,67.0,3.4467871485943773,,,
